-- EventTech Manager — Seed-Daten
-- Realistische Beispieldaten für lokale Entwicklung / Tests

-- ============================================================
-- CATEGORIES
-- ============================================================

insert into categories (id, name, color, sort_order) values
  ('10000000-0000-0000-0000-000000000001', 'Beschallung', '#3b82f6', 1),
  ('10000000-0000-0000-0000-000000000002', 'Licht', '#eab308', 2),
  ('10000000-0000-0000-0000-000000000003', 'Bühne & Traversen', '#f97316', 3),
  ('10000000-0000-0000-0000-000000000004', 'Kabel & Verteiler', '#64748b', 4),
  ('10000000-0000-0000-0000-000000000005', 'Video & Projektion', '#a855f7', 5);

insert into categories (id, name, parent_id, color, sort_order) values
  ('10000000-0000-0000-0000-000000000011', 'Lautsprecher', '10000000-0000-0000-0000-000000000001', '#3b82f6', 1),
  ('10000000-0000-0000-0000-000000000012', 'Mischpulte', '10000000-0000-0000-0000-000000000001', '#3b82f6', 2),
  ('10000000-0000-0000-0000-000000000021', 'Moving Heads', '10000000-0000-0000-0000-000000000002', '#eab308', 1),
  ('10000000-0000-0000-0000-000000000022', 'PAR-Scheinwerfer', '10000000-0000-0000-0000-000000000002', '#eab308', 2);

-- ============================================================
-- DEVICES
-- ============================================================

insert into devices (id, name, category_id, manufacturer, model, serial_number, status, location, purchase_date, purchase_price, replacement_value, weight_kg, power_watts) values
  ('20000000-0000-0000-0000-000000000001', 'Aktivbox 15"', '10000000-0000-0000-0000-000000000011', 'RCF', 'ART 715-A MK5', 'RCF-2021-0451', 'verfuegbar', 'Lager A, Regal 1', '2021-03-15', 890.00, 950.00, 18.5, 1400),
  ('20000000-0000-0000-0000-000000000002', 'Aktivbox 15"', '10000000-0000-0000-0000-000000000011', 'RCF', 'ART 715-A MK5', 'RCF-2021-0452', 'ausgeliehen', 'Lager A, Regal 1', '2021-03-15', 890.00, 950.00, 18.5, 1400),
  ('20000000-0000-0000-0000-000000000003', 'Subwoofer 18"', '10000000-0000-0000-0000-000000000011', 'RCF', 'SUB 8004-AS', 'RCF-2021-0480', 'verfuegbar', 'Lager A, Regal 2', '2021-03-15', 1290.00, 1390.00, 36.0, 2000),
  ('20000000-0000-0000-0000-000000000004', 'Digitalmischpult 16ch', '10000000-0000-0000-0000-000000000012', 'Behringer', 'X32 Compact', 'BHR-2022-0019', 'verfuegbar', 'Lager A, Schrank 1', '2022-01-10', 999.00, 1050.00, 7.5, 60),
  ('20000000-0000-0000-0000-000000000005', 'Moving Head Spot 230W', '10000000-0000-0000-0000-000000000021', 'Chauvet', 'Intimidator Spot 260', 'CHV-2020-0103', 'wartung', 'Werkstatt', '2020-06-01', 650.00, 700.00, 9.8, 230),
  ('20000000-0000-0000-0000-000000000006', 'Moving Head Spot 230W', '10000000-0000-0000-0000-000000000021', 'Chauvet', 'Intimidator Spot 260', 'CHV-2020-0104', 'verfuegbar', 'Lager B, Regal 3', '2020-06-01', 650.00, 700.00, 9.8, 230),
  ('20000000-0000-0000-0000-000000000007', 'LED PAR Can RGBW', '10000000-0000-0000-0000-000000000022', 'ADJ', 'Par Z100 3K LED', 'ADJ-2023-0211', 'verfuegbar', 'Lager B, Regal 1', '2023-02-20', 89.00, 99.00, 1.8, 30),
  ('20000000-0000-0000-0000-000000000008', 'LED PAR Can RGBW', '10000000-0000-0000-0000-000000000022', 'ADJ', 'Par Z100 3K LED', 'ADJ-2023-0212', 'verfuegbar', 'Lager B, Regal 1', '2023-02-20', 89.00, 99.00, 1.8, 30),
  ('20000000-0000-0000-0000-000000000009', 'Truss-Segment 2m', '10000000-0000-0000-0000-000000000003', 'Global Truss', 'F34 Square', 'GT-2019-0033', 'verfuegbar', 'Lager C', '2019-11-05', 145.00, 160.00, 8.2, null),
  ('20000000-0000-0000-0000-000000000010', 'Verteiler 16A CEE', '10000000-0000-0000-0000-000000000004', 'PCE', 'CEE 16A Verteiler 6-fach', 'PCE-2022-0077', 'defekt', 'Werkstatt', '2022-05-12', 220.00, 240.00, 4.1, null);

-- ============================================================
-- BARCODES (Code128, EAN-ähnliche interne Nummerierung)
-- ============================================================

insert into barcodes (device_id, code) values
  ('20000000-0000-0000-0000-000000000001', 'ETM-00001'),
  ('20000000-0000-0000-0000-000000000002', 'ETM-00002'),
  ('20000000-0000-0000-0000-000000000003', 'ETM-00003'),
  ('20000000-0000-0000-0000-000000000004', 'ETM-00004'),
  ('20000000-0000-0000-0000-000000000005', 'ETM-00005'),
  ('20000000-0000-0000-0000-000000000006', 'ETM-00006'),
  ('20000000-0000-0000-0000-000000000007', 'ETM-00007'),
  ('20000000-0000-0000-0000-000000000008', 'ETM-00008'),
  ('20000000-0000-0000-0000-000000000009', 'ETM-00009'),
  ('20000000-0000-0000-0000-000000000010', 'ETM-00010');

-- ============================================================
-- CUSTOMERS
-- ============================================================

insert into customers (id, company_name, first_name, last_name, email, phone, address_street, address_zip, address_city, source) values
  ('30000000-0000-0000-0000-000000000001', 'Gasthaus zur Linde GmbH', 'Markus', 'Weber', 'info@zur-linde-events.de', '+49 561 1234567', 'Hauptstraße 12', '34117', 'Kassel', 'email'),
  ('30000000-0000-0000-0000-000000000002', null, 'Lena', 'Schröder', 'lena.schroeder@gmail.com', '+49 171 9876543', 'Bergweg 4', '34121', 'Kassel', 'instagram'),
  ('30000000-0000-0000-0000-000000000003', 'Stadtwerke Willingshausen', 'Thomas', 'Klein', 't.klein@stadtwerke-willingshausen.de', '+49 6697 12345', 'Marktplatz 1', '34630', 'Willingshausen', 'kontaktformular');

-- ============================================================
-- CUSTOMER INQUIRIES (Pipeline)
-- ============================================================

insert into customer_inquiries (id, customer_id, title, pipeline_status, event_date, budget_estimate, description) values
  ('40000000-0000-0000-0000-000000000001', '30000000-0000-0000-0000-000000000001', 'Sommerfest 2026', 'gewonnen', '2026-07-18', 1800.00, 'Beschallung und Licht für Außenbereich, ca. 150 Gäste'),
  ('40000000-0000-0000-0000-000000000002', '30000000-0000-0000-0000-000000000002', 'Hochzeit DJ-Technik', 'angebot_gesendet', '2026-08-22', 650.00, 'PA-Anlage und einfaches Lichtset für Scheune'),
  ('40000000-0000-0000-0000-000000000003', '30000000-0000-0000-0000-000000000003', 'Stadtfest Willingshausen', 'in_bearbeitung', '2026-09-05', 3200.00, 'Bühne, Beschallung Hauptbühne, mehrere Redner-Mikros');

-- ============================================================
-- CUSTOMER NOTES
-- ============================================================

insert into customer_notes (customer_id, inquiry_id, content) values
  ('30000000-0000-0000-0000-000000000001', '40000000-0000-0000-0000-000000000001', 'Kunde wünscht Aufbau bereits am Vortag möglich.'),
  ('30000000-0000-0000-0000-000000000002', '40000000-0000-0000-0000-000000000002', 'Per Instagram-DM kontaktiert, Angebot am 14.06. per E-Mail gesendet.'),
  ('30000000-0000-0000-0000-000000000003', '40000000-0000-0000-0000-000000000003', 'Erstgespräch telefonisch, Detailplanung folgt nach Genehmigung durch Gemeinderat.');

-- ============================================================
-- JOBS
-- ============================================================

insert into jobs (id, title, customer_id, inquiry_id, status, location, start_date, end_date, pickup_at) values
  ('50000000-0000-0000-0000-000000000001', 'Sommerfest 2026 - Zur Linde', '30000000-0000-0000-0000-000000000001', '40000000-0000-0000-0000-000000000001', 'bestaetigt', 'Gasthaus zur Linde, Kassel', '2026-07-18 14:00:00+02', '2026-07-19 02:00:00+02', '2026-07-18 12:00:00+02'),
  ('50000000-0000-0000-0000-000000000002', 'Probeaufbau Hochzeit Schröder', '30000000-0000-0000-0000-000000000002', '40000000-0000-0000-0000-000000000002', 'anfrage', 'Scheune Niedenstein', '2026-08-22 10:00:00+02', '2026-08-23 01:00:00+02', null);

-- ============================================================
-- PACKLIST ITEMS
-- ============================================================

insert into packlist_items (job_id, device_id, quantity) values
  ('50000000-0000-0000-0000-000000000001', '20000000-0000-0000-0000-000000000001', 1),
  ('50000000-0000-0000-0000-000000000001', '20000000-0000-0000-0000-000000000002', 1),
  ('50000000-0000-0000-0000-000000000001', '20000000-0000-0000-0000-000000000004', 1),
  ('50000000-0000-0000-0000-000000000001', '20000000-0000-0000-0000-000000000007', 1),
  ('50000000-0000-0000-0000-000000000001', '20000000-0000-0000-0000-000000000008', 1);

-- ============================================================
-- CALENDAR ENTRIES
-- ============================================================

insert into calendar_entries (job_id, title, start_at, end_at, source) values
  ('50000000-0000-0000-0000-000000000001', 'Sommerfest 2026 - Zur Linde', '2026-07-18 14:00:00+02', '2026-07-19 02:00:00+02', 'intern'),
  ('50000000-0000-0000-0000-000000000002', 'Probeaufbau Hochzeit Schröder', '2026-08-22 10:00:00+02', '2026-08-23 01:00:00+02', 'intern');
